rank,file,t_sec,score,U,A,D,n_boxes,n_ambiguous,empty,selected
1,frame_0073.jpg,29.2,0.7182,0.5563,0.8,1.0,5,4,False,True
2,frame_0129.jpg,51.6,0.7072,0.8223,0.4,0.88,3,2,False,True
3,frame_0128.jpg,51.2,0.6895,0.6829,0.6,0.84,3,3,False,False
4,frame_0031.jpg,12.4,0.6809,0.6019,0.6,1.0,4,3,False,True
5,frame_0289.jpg,115.6,0.6749,0.8057,0.4,0.76,3,2,False,True
6,frame_0207.jpg,82.8,0.66,0.0,0.0,0.8,0,0,True,True
7,frame_0079.jpg,31.6,0.6433,0.6066,0.6,0.8,6,3,False,True
8,frame_0001.jpg,0.4,0.6404,0.6409,0.4,1.0,3,2,False,True
9,frame_0071.jpg,28.4,0.64,0.64,0.4,1.0,4,2,False,False
10,frame_0130.jpg,52.0,0.6341,0.5401,0.6,0.92,3,3,False,False
11,frame_0306.jpg,122.4,0.623,0.5499,1.0,0.24,7,5,False,True
12,frame_0293.jpg,117.2,0.6096,0.5552,0.6,0.76,4,3,False,False
13,frame_0072.jpg,28.8,0.6089,0.5778,0.4,1.0,5,2,False,False
14,frame_0376.jpg,150.4,0.6038,0.5437,1.0,0.16,6,5,False,True
15,frame_0070.jpg,28.0,0.6022,0.4445,0.6,1.0,5,3,False,False
16,frame_0184.jpg,73.6,0.5982,0.6845,0.8,0.08,4,4,False,True
17,frame_0375.jpg,150.0,0.5978,0.6355,0.8,0.2,6,4,False,False
18,frame_0169.jpg,67.6,0.595,0.622,0.6,0.52,4,3,False,True
19,frame_0304.jpg,121.6,0.5933,0.8185,0.4,0.32,2,2,False,False
20,frame_0291.jpg,116.4,0.5921,0.6082,0.4,0.84,5,2,False,False
21,frame_0025.jpg,10.0,0.5854,0.6508,0.2,1.0,1,1,False,True
22,frame_0087.jpg,34.8,0.5829,0.7339,0.4,0.48,2,2,False,False
23,frame_0000.jpg,0.0,0.5795,0.519,0.4,1.0,4,2,False,False
24,frame_0183.jpg,73.2,0.5751,0.6542,0.8,0.04,4,4,False,False
25,frame_0078.jpg,31.2,0.5625,0.5489,0.4,0.84,3,2,False,False
26,frame_0367.jpg,146.8,0.5623,0.6125,0.8,0.08,7,4,False,False
27,frame_0074.jpg,29.6,0.5592,0.4783,0.4,1.0,5,2,False,False
28,frame_0069.jpg,27.6,0.5572,0.3544,0.6,1.0,5,3,False,False
29,frame_0286.jpg,114.4,0.5565,0.6171,0.4,0.64,3,2,False,False
30,frame_0330.jpg,132.0,0.5559,0.6159,0.8,0.04,7,4,False,False
31,frame_0294.jpg,117.6,0.5545,0.4611,0.6,0.72,5,3,False,False
32,frame_0125.jpg,50.0,0.5544,0.4608,0.6,0.72,4,3,False,False
33,frame_0232.jpg,92.8,0.5506,0.5411,0.8,0.2,4,4,False,False
34,frame_0292.jpg,116.8,0.5499,0.4198,0.6,0.8,5,3,False,False
35,frame_0033.jpg,13.2,0.5495,0.459,0.4,1.0,3,2,False,False
36,frame_0029.jpg,11.6,0.5467,0.4533,0.4,1.0,3,2,False,False
37,frame_0010.jpg,4.0,0.5437,0.5674,0.2,1.0,1,1,False,False
38,frame_0126.jpg,50.4,0.5435,0.4231,0.6,0.76,6,3,False,False
39,frame_0027.jpg,10.8,0.5393,0.5586,0.2,1.0,1,1,False,False
40,frame_0133.jpg,53.2,0.5392,0.5584,0.2,1.0,2,1,False,False
41,frame_0023.jpg,9.2,0.5328,0.5456,0.2,1.0,1,1,False,False
42,frame_0075.jpg,30.0,0.5307,0.4373,0.4,0.96,4,2,False,False
43,frame_0024.jpg,9.6,0.5299,0.5398,0.2,1.0,1,1,False,False
44,frame_0387.jpg,154.8,0.5274,0.4949,0.8,0.2,7,4,False,False
45,frame_0122.jpg,48.8,0.5215,0.563,0.4,0.6,3,2,False,False
46,frame_0276.jpg,110.4,0.5166,0.4572,0.8,0.24,6,4,False,False
47,frame_0208.jpg,83.2,0.5138,0.6036,0.2,0.76,1,1,False,False
48,frame_0230.jpg,92.0,0.5131,0.7382,0.4,0.12,4,2,False,False
49,frame_0295.jpg,118.0,0.5123,0.3927,0.6,0.68,5,3,False,False
50,frame_0185.jpg,74.0,0.5094,0.6268,0.6,0.08,4,3,False,False
51,frame_0288.jpg,115.2,0.5091,0.4901,0.4,0.72,4,2,False,False
52,frame_0123.jpg,49.2,0.5082,0.5204,0.4,0.64,4,2,False,False
53,frame_0305.jpg,122.0,0.5048,0.4175,0.8,0.28,5,4,False,False
54,frame_0374.jpg,149.6,0.5038,0.6876,0.4,0.2,4,2,False,False
55,frame_0282.jpg,112.8,0.4999,0.4477,0.6,0.48,3,3,False,False
56,frame_0077.jpg,30.8,0.4953,0.3985,0.4,0.88,5,2,False,False
57,frame_0297.jpg,118.8,0.4942,0.5085,0.4,0.6,3,2,False,False
58,frame_0231.jpg,92.4,0.4938,0.5636,0.6,0.16,7,3,False,False
59,frame_0019.jpg,7.6,0.4929,0.4658,0.2,1.0,1,1,False,False
60,frame_0220.jpg,88.0,0.4908,0.6296,0.4,0.28,2,2,False,False
61,frame_0224.jpg,89.6,0.4903,0.6926,0.4,0.12,3,2,False,False
62,frame_0008.jpg,3.2,0.4886,0.4573,0.2,1.0,2,1,False,False
63,frame_0218.jpg,87.2,0.4873,0.5906,0.4,0.36,2,2,False,False
64,frame_0290.jpg,116.0,0.4869,0.5337,0.2,0.8,3,1,False,False
65,frame_0007.jpg,2.8,0.4853,0.3305,0.4,1.0,3,2,False,False
66,frame_0329.jpg,131.6,0.4837,0.5754,0.6,0.08,5,3,False,False
67,frame_0279.jpg,111.6,0.4829,0.4617,0.6,0.36,5,3,False,False
68,frame_0298.jpg,119.2,0.4822,0.5004,0.4,0.56,4,2,False,False
69,frame_0032.jpg,12.8,0.4784,0.5568,0.0,1.0,2,0,False,False
70,frame_0020.jpg,8.0,0.4773,0.4345,0.2,1.0,2,1,False,False
71,frame_0217.jpg,86.8,0.4754,0.6708,0.2,0.4,1,1,False,False
72,frame_0067.jpg,26.8,0.4752,0.3103,0.4,1.0,4,2,False,False
73,frame_0310.jpg,124.0,0.475,0.678,0.4,0.08,2,2,False,False
74,frame_0327.jpg,130.8,0.4738,0.5715,0.6,0.04,6,3,False,False
75,frame_0328.jpg,131.2,0.4736,0.5551,0.6,0.08,7,3,False,False
76,frame_0127.jpg,50.8,0.4677,0.3754,0.4,0.8,4,2,False,False
77,frame_0275.jpg,110.0,0.4636,0.4872,0.6,0.2,5,3,False,False
78,frame_0168.jpg,67.2,0.4618,0.4596,0.4,0.56,4,2,False,False
79,frame_0317.jpg,126.8,0.4609,0.4818,0.6,0.2,5,3,False,False
80,frame_0068.jpg,27.2,0.4574,0.3948,0.2,1.0,2,1,False,False
81,frame_0167.jpg,66.8,0.4573,0.4347,0.4,0.6,3,2,False,False
82,frame_0285.jpg,114.0,0.4562,0.4325,0.4,0.6,3,2,False,False
83,frame_0021.jpg,8.4,0.4549,0.2697,0.4,1.0,3,2,False,False
84,frame_0281.jpg,112.4,0.454,0.6119,0.2,0.44,2,1,False,False
85,frame_0210.jpg,84.0,0.4537,0.5155,0.2,0.68,2,1,False,False
86,frame_0378.jpg,151.2,0.4531,0.5143,0.6,0.08,7,3,False,False
87,frame_0015.jpg,6.0,0.4512,0.2625,0.4,1.0,3,2,False,False
88,frame_0284.jpg,113.6,0.4475,0.4309,0.4,0.56,5,2,False,False
89,frame_0398.jpg,159.2,0.4463,0.5567,0.4,0.24,3,2,False,False
90,frame_0076.jpg,30.4,0.4414,0.3947,0.2,0.92,3,1,False,False
91,frame_0004.jpg,1.6,0.439,0.3581,0.2,1.0,3,1,False,False
92,frame_0093.jpg,37.2,0.4383,0.6606,0.2,0.24,1,1,False,False
93,frame_0280.jpg,112.0,0.4381,0.4762,0.4,0.4,3,2,False,False
94,frame_0314.jpg,125.6,0.437,0.4819,0.6,0.08,4,3,False,False
95,frame_0277.jpg,110.8,0.4368,0.4016,0.6,0.28,5,3,False,False
96,frame_0229.jpg,91.6,0.4364,0.4808,0.6,0.08,6,3,False,False
97,frame_0097.jpg,38.8,0.4363,0.6005,0.4,0.08,2,2,False,False
98,frame_0371.jpg,148.4,0.4342,0.4763,0.6,0.08,3,3,False,False
99,frame_0318.jpg,127.2,0.432,0.528,0.4,0.24,5,2,False,False
100,frame_0186.jpg,74.4,0.4297,0.4834,0.6,0.04,5,3,False,False
101,frame_0115.jpg,46.0,0.4284,0.3689,0.6,0.32,3,3,False,False
102,frame_0209.jpg,83.6,0.4269,0.3258,0.4,0.72,2,2,False,False
103,frame_0018.jpg,7.2,0.4241,0.3281,0.2,1.0,2,1,False,False
104,frame_0026.jpg,10.4,0.4238,0.3276,0.2,1.0,2,1,False,False
105,frame_0274.jpg,109.6,0.4192,0.4144,0.6,0.16,5,3,False,False
106,frame_0082.jpg,32.8,0.4187,0.4454,0.2,0.68,1,1,False,False
107,frame_0011.jpg,4.4,0.4184,0.3168,0.2,1.0,2,1,False,False
108,frame_0390.jpg,156.0,0.4176,0.4432,0.6,0.08,5,3,False,False
109,frame_0267.jpg,106.8,0.4171,0.6662,0.2,0.12,1,1,False,False
110,frame_0296.jpg,118.4,0.4148,0.3336,0.4,0.64,4,2,False,False
111,frame_0370.jpg,148.0,0.4138,0.4516,0.6,0.04,6,3,False,False
112,frame_0287.jpg,114.8,0.4133,0.5546,0.0,0.68,4,0,False,False
113,frame_0116.jpg,46.4,0.4113,0.4386,0.4,0.36,3,2,False,False
114,frame_0002.jpg,0.8,0.4103,0.3005,0.2,1.0,4,1,False,False
115,frame_0384.jpg,153.6,0.4091,0.3941,0.6,0.16,5,3,False,False
116,frame_0132.jpg,52.8,0.4071,0.2941,0.2,1.0,3,1,False,False
117,frame_0028.jpg,11.2,0.4042,0.2885,0.2,1.0,2,1,False,False
118,frame_0106.jpg,42.4,0.4036,0.5512,0.4,0.04,6,2,False,False
119,frame_0014.jpg,5.6,0.4009,0.2818,0.2,1.0,3,1,False,False
120,frame_0307.jpg,122.8,0.4003,0.3607,0.6,0.2,6,3,False,False
121,frame_0105.jpg,42.0,0.3965,0.401,0.6,0.08,4,3,False,False
122,frame_0173.jpg,69.2,0.3942,0.4043,0.4,0.36,6,2,False,False
123,frame_0176.jpg,70.4,0.3898,0.4437,0.4,0.24,3,2,False,False
124,frame_0278.jpg,111.2,0.3898,0.4117,0.4,0.32,6,2,False,False
125,frame_0193.jpg,77.2,0.3892,0.5624,0.2,0.24,2,1,False,False
126,frame_0175.jpg,70.0,0.3837,0.4155,0.4,0.28,4,2,False,False
127,frame_0389.jpg,155.6,0.3828,0.3576,0.6,0.12,5,3,False,False
128,frame_0368.jpg,147.2,0.3789,0.3818,0.6,0.04,8,3,False,False
129,frame_0003.jpg,1.2,0.3781,0.2363,0.2,1.0,3,1,False,False
130,frame_0117.jpg,46.8,0.3742,0.3484,0.4,0.4,4,2,False,False
131,frame_0030.jpg,12.0,0.3719,0.2237,0.2,1.0,4,1,False,False
132,frame_0271.jpg,108.4,0.3718,0.6075,0.2,0.04,2,1,False,False
133,frame_0233.jpg,93.2,0.3715,0.4071,0.4,0.24,4,2,False,False
134,frame_0013.jpg,5.2,0.3714,0.2228,0.2,1.0,3,1,False,False
135,frame_0109.jpg,43.6,0.37,0.588,0.2,0.08,2,1,False,False
136,frame_0320.jpg,128.0,0.3697,0.5235,0.2,0.24,3,1,False,False
137,frame_0121.jpg,48.4,0.3679,0.3919,0.2,0.56,3,1,False,False
138,frame_0016.jpg,6.4,0.3674,0.2147,0.2,1.0,3,1,False,False
139,frame_0225.jpg,90.0,0.3629,0.3338,0.6,0.08,4,3,False,False
140,frame_0332.jpg,132.8,0.3623,0.4686,0.4,0.04,6,2,False,False
141,frame_0399.jpg,159.6,0.3491,0.4661,0.2,0.28,3,1,False,False
142,frame_0188.jpg,75.2,0.3483,0.4406,0.4,0.04,4,2,False,False
143,frame_0179.jpg,71.6,0.3469,0.5258,0.2,0.12,4,1,False,False
144,frame_0095.jpg,38.0,0.3463,0.3886,0.4,0.16,6,2,False,False
145,frame_0301.jpg,120.4,0.345,0.274,0.4,0.44,5,2,False,False
146,frame_0189.jpg,75.6,0.3432,0.5345,0.2,0.08,3,1,False,False
147,frame_0174.jpg,69.6,0.3431,0.3181,0.4,0.32,4,2,False,False
148,frame_0383.jpg,153.2,0.3422,0.3964,0.4,0.12,4,2,False,False
149,frame_0397.jpg,158.8,0.3419,0.4839,0.2,0.2,4,1,False,False
150,frame_0131.jpg,52.4,0.3416,0.2992,0.0,0.96,4,0,False,False
151,frame_0373.jpg,149.2,0.3408,0.4977,0.2,0.16,3,1,False,False
152,frame_0303.jpg,121.2,0.3381,0.2922,0.4,0.36,4,2,False,False
153,frame_0396.jpg,158.4,0.3381,0.4922,0.2,0.16,5,1,False,False
154,frame_0112.jpg,44.8,0.3374,0.3547,0.4,0.2,4,2,False,False
155,frame_0381.jpg,152.4,0.3351,0.4142,0.4,0.04,4,2,False,False
156,frame_0228.jpg,91.2,0.3334,0.4108,0.4,0.04,4,2,False,False
157,frame_0096.jpg,38.4,0.3316,0.3751,0.4,0.12,5,2,False,False
158,frame_0005.jpg,2.0,0.3303,0.2606,0.0,1.0,2,0,False,False
159,frame_0308.jpg,123.2,0.3302,0.3564,0.4,0.16,5,2,False,False
160,frame_0385.jpg,154.0,0.3298,0.3397,0.4,0.2,5,2,False,False
161,frame_0213.jpg,85.2,0.3294,0.3148,0.2,0.56,1,1,False,False
162,frame_0108.jpg,43.2,0.328,0.5199,0.2,0.04,3,1,False,False
163,frame_0299.jpg,119.6,0.3278,0.4477,0.0,0.52,3,0,False,False
164,frame_0088.jpg,35.2,0.3274,0.3587,0.2,0.44,3,1,False,False
165,frame_0333.jpg,133.2,0.3253,0.3786,0.4,0.08,6,2,False,False
166,frame_0322.jpg,128.8,0.3239,0.3438,0.4,0.16,3,2,False,False
167,frame_0102.jpg,40.8,0.3207,0.4734,0.2,0.12,1,1,False,False
168,frame_0372.jpg,148.8,0.3178,0.4675,0.2,0.12,3,1,False,False
169,frame_0195.jpg,78.0,0.3174,0.3868,0.2,0.32,2,1,False,False
170,frame_0214.jpg,85.6,0.3156,0.3033,0.2,0.52,2,1,False,False
171,frame_0283.jpg,113.2,0.3126,0.2973,0.2,0.52,4,1,False,False
172,frame_0101.jpg,40.4,0.311,0.4699,0.2,0.08,3,1,False,False
173,frame_0219.jpg,87.6,0.3075,0.3669,0.2,0.32,3,1,False,False
174,frame_0377.jpg,150.8,0.3064,0.4448,0.2,0.12,6,1,False,False
175,frame_0388.jpg,155.2,0.3027,0.3015,0.4,0.16,6,2,False,False
176,frame_0118.jpg,47.2,0.302,0.308,0.2,0.44,1,1,False,False
177,frame_0170.jpg,68.0,0.3015,0.291,0.2,0.48,5,1,False,False
178,frame_0017.jpg,6.8,0.2984,0.1968,0.0,1.0,1,0,False,False
179,frame_0309.jpg,123.6,0.297,0.3059,0.4,0.12,4,2,False,False
180,frame_0009.jpg,3.6,0.2916,0.1831,0.0,1.0,2,0,False,False
181,frame_0202.jpg,80.8,0.2907,0.2214,0.2,0.6,2,1,False,False
182,frame_0171.jpg,68.4,0.2899,0.2838,0.2,0.44,3,1,False,False
183,frame_0124.jpg,49.6,0.2896,0.3072,0.0,0.68,4,0,False,False
184,frame_0272.jpg,108.8,0.2875,0.423,0.2,0.08,2,1,False,False
185,frame_0223.jpg,89.2,0.2852,0.3863,0.2,0.16,2,1,False,False
186,frame_0012.jpg,4.8,0.2819,0.1638,0.0,1.0,1,0,False,False
187,frame_0321.jpg,128.4,0.28,0.24,0.4,0.2,5,2,False,False
188,frame_0216.jpg,86.4,0.2798,0.3837,0.0,0.44,2,0,False,False
189,frame_0379.jpg,151.6,0.2793,0.3027,0.4,0.04,7,2,False,False
190,frame_0190.jpg,76.0,0.2762,0.3845,0.2,0.12,3,1,False,False
191,frame_0300.jpg,120.0,0.2757,0.2395,0.2,0.48,4,1,False,False
192,frame_0006.jpg,2.4,0.2744,0.1488,0.0,1.0,2,0,False,False
193,frame_0222.jpg,88.8,0.2743,0.2287,0.4,0.2,4,2,False,False
194,frame_0386.jpg,154.4,0.2741,0.3321,0.2,0.24,5,1,False,False
195,frame_0313.jpg,125.2,0.2713,0.4066,0.2,0.04,2,1,False,False
196,frame_0215.jpg,86.0,0.2703,0.2286,0.2,0.48,3,1,False,False
197,frame_0194.jpg,77.6,0.27,0.3079,0.2,0.28,2,1,False,False
198,frame_0269.jpg,107.6,0.2696,0.4032,0.2,0.04,3,1,False,False
199,frame_0382.jpg,152.8,0.2685,0.265,0.4,0.08,3,2,False,False
200,frame_0221.jpg,88.4,0.2665,0.3169,0.2,0.24,3,1,False,False
201,frame_0395.jpg,158.0,0.2649,0.3618,0.2,0.12,3,1,False,False
202,frame_0211.jpg,84.4,0.264,0.272,0.0,0.64,1,0,False,False
203,frame_0302.jpg,120.8,0.2638,0.2475,0.2,0.4,5,1,False,False
204,frame_0113.jpg,45.2,0.2635,0.3109,0.2,0.24,3,1,False,False
205,frame_0111.jpg,44.4,0.2621,0.3401,0.2,0.16,2,1,False,False
206,frame_0022.jpg,8.8,0.2611,0.1222,0.0,1.0,1,0,False,False
207,frame_0177.jpg,70.8,0.2608,0.3216,0.2,0.2,4,1,False,False
208,frame_0098.jpg,39.2,0.2606,0.2653,0.4,0.04,4,2,False,False
209,frame_0089.jpg,35.6,0.26,0.24,0.2,0.4,4,1,False,False
210,frame_0273.jpg,109.2,0.26,0.3519,0.2,0.12,3,1,False,False
211,frame_0315.jpg,126.0,0.258,0.348,0.2,0.12,5,1,False,False
212,frame_0090.jpg,36.0,0.2525,0.2411,0.2,0.36,3,1,False,False
213,frame_0394.jpg,157.6,0.2512,0.3504,0.2,0.08,2,1,False,False
214,frame_0206.jpg,82.4,0.2502,0.1964,0.0,0.76,1,0,False,False
215,frame_0178.jpg,71.2,0.2475,0.4309,0.0,0.16,3,0,False,False
216,frame_0114.jpg,45.6,0.2465,0.2609,0.2,0.28,5,1,False,False
217,frame_0083.jpg,33.2,0.2429,0.2298,0.0,0.64,2,0,False,False
218,frame_0120.jpg,48.0,0.2429,0.2778,0.0,0.52,1,0,False,False
219,frame_0226.jpg,90.4,0.2425,0.349,0.2,0.04,2,1,False,False
220,frame_0324.jpg,129.6,0.2391,0.3262,0.2,0.08,2,1,False,False
221,frame_0212.jpg,84.8,0.237,0.234,0.0,0.6,1,0,False,False
222,frame_0205.jpg,82.0,0.2359,0.1838,0.0,0.72,2,0,False,False
223,frame_0192.jpg,76.8,0.2345,0.269,0.2,0.2,2,1,False,False
224,frame_0094.jpg,37.6,0.2283,0.2565,0.2,0.2,5,1,False,False
225,frame_0081.jpg,32.4,0.2269,0.1659,0.0,0.72,2,0,False,False
226,frame_0319.jpg,127.6,0.2258,0.2197,0.2,0.28,4,1,False,False
227,frame_0204.jpg,81.6,0.2234,0.1748,0.0,0.68,1,0,False,False
228,frame_0268.jpg,107.2,0.2209,0.2898,0.2,0.08,3,1,False,False
229,frame_0180.jpg,72.0,0.2204,0.2888,0.2,0.08,3,1,False,False
230,frame_0391.jpg,156.4,0.2172,0.2985,0.2,0.04,4,1,False,False
231,frame_0316.jpg,126.4,0.2137,0.3634,0.0,0.16,4,0,False,False
232,frame_0080.jpg,32.0,0.2096,0.1151,0.0,0.76,4,0,False,False
233,frame_0084.jpg,33.6,0.2059,0.1719,0.0,0.6,2,0,False,False
234,frame_0103.jpg,41.2,0.2048,0.2256,0.2,0.16,4,1,False,False
235,frame_0191.jpg,76.4,0.202,0.2201,0.2,0.16,2,1,False,False
236,frame_0091.jpg,36.4,0.199,0.27,0.0,0.32,1,0,False,False
237,frame_0203.jpg,81.2,0.198,0.14,0.0,0.64,3,0,False,False
238,frame_0100.jpg,40.0,0.1928,0.3695,0.0,0.04,3,0,False,False
239,frame_0085.jpg,34.0,0.1923,0.1605,0.0,0.56,2,0,False,False
240,frame_0086.jpg,34.4,0.1906,0.1732,0.0,0.52,2,0,False,False
241,frame_0119.jpg,47.6,0.1896,0.1873,0.0,0.48,2,0,False,False
242,frame_0181.jpg,72.4,0.1864,0.2368,0.2,0.04,5,1,False,False
243,frame_0198.jpg,79.2,0.1803,0.1846,0.0,0.44,1,0,False,False
244,frame_0196.jpg,78.4,0.178,0.212,0.0,0.36,1,0,False,False
245,frame_0201.jpg,80.4,0.1719,0.1198,0.0,0.56,1,0,False,False
246,frame_0172.jpg,68.8,0.1688,0.1775,0.0,0.4,3,0,False,False
247,frame_0200.jpg,80.0,0.1664,0.1248,0.0,0.52,2,0,False,False
248,frame_0199.jpg,79.6,0.1526,0.1132,0.0,0.48,1,0,False,False
249,frame_0104.jpg,41.6,0.1477,0.2474,0.0,0.12,2,0,False,False
250,frame_0092.jpg,36.8,0.1385,0.165,0.0,0.28,1,0,False,False
251,frame_0197.jpg,78.8,0.1304,0.1008,0.0,0.4,1,0,False,False
252,frame_0325.jpg,130.0,0.128,0.24,0.0,0.04,1,0,False,False
253,frame_0311.jpg,124.4,0.1214,0.2267,0.0,0.04,2,0,False,False
254,frame_0110.jpg,44.0,0.0963,0.1447,0.0,0.12,2,0,False,False
255,frame_0323.jpg,129.2,0.0958,0.1437,0.0,0.12,2,0,False,False
256,frame_0393.jpg,157.2,0.0895,0.1631,0.0,0.04,2,0,False,False
